 Meal Time,Food Name,Calories,protein,carbs,fats,ingredients
Lunch,Tex Mex Turkey Enchiladas,260,24,14,13," Cheese Monterey Jack and Cheddar Pre-Shredded, Oil Canola, Olives Black Pitted Sliced Drained, Onions Yellow Fresh Chopped Fine, Sauce Enchilada Red Canned, Tortilla Corn Yellow 6"", Turkey Breast Skin On Petite Antibiotic Free RTC "
Lunch,Mexican Lasagna,210,9,28,8," Beans Refried Vegetarian Canned, Cheese Pepper Jack Loaf Shredded, Cilantro Fresh Chopped, Oil Canola, Onions Yellow Fresh Diced, Peppers Chili Green Diced Canned Drained, Salt Kosher, Sauce Enchilada Red Canned, Tortilla Corn White 6"" "
Lunch,Spanish Rice,90,2,15,25," Cilantro Fresh Chopped, Garlic Cloves Peeled Fresh Chopped, Oil Canola, Onions Yellow Fresh Diced, Peppers Bell Green Pre-Diced 1/2"" Fresh, Rice White Long Grain Parboiled Dry, Salt Kosher, Spice Pepper Black Ground Fine, Tomatoes Diced in Juice No Added Salt Ang Mia Canned, Water "
Lunch,Roasted Peppers w/ Garlic and Herbs,160,1,7,14," Basil Fresh Chopped, Garlic Cloves Peeled Fresh Minced, Oil Olive Extra Virgin, Peppers Bell Green Large Fresh, Peppers Bell Red Fresh, Peppers Bell Yellow Fresh, Salt Kosher "
Lunch,Roasted Corn,110,3,20,3," Cilantro Fresh Chopped, Corn Whole Kernel Frozen, Garlic Cloves Peeled Fresh Minced, Oil Canola, Onions Green Scallion Each Fresh Sliced Thin, Onions Red Fresh Diced, Peppers Bell Red Fresh Diced, Salt Kosher, Spice Cumin Ground, Spice Pepper Black Ground Coarse "
Lunch,Grilled Turkey Reuben Sandwich,420,25,38,18," Bread Rye Seeded Loaf Sliced, Cheese Swiss Pre-Sliced .75 oz, Oil Canola, Salad Dressing 1000 Island Kraft Bulk, Sauerkraut Canned Drained, Turkey Breast Skinless Reduced Sodium FC "
Lunch,Grilled Chicken Sandwich,290,28,26,9," Bun Hamburger Wheat 4"", Chicken Breast Boneless Skinless NAE 4 oz Raw, Lettuce Leaf Individual Leaf Fresh, Oil Canola, Tomatoes Fresh Each Slice "
Lunch,Tater Tots,170,2,21,9, Potatoes Tater Puffs Frozen 
Lunch,Grilled Vegetables,25,2,5,0," Asparagus Fresh, Mushrooms Portobello Fresh, Oil Canola, Peppers Bell Red Fresh, Salt Kosher, Spice Pepper Black Ground, Squash Yellow Fresh Bias Cut Halved 1/2"", Squash Zucchini Fresh Bias Cut Halved 1/2"" "
Lunch,Tartar Sauce,150,0,1,16, Sauce Tartar Bulk 
Lunch,Thai Basil Tofu,150,9,12,8," Basil Thai Fresh, Cornstarch, Oil Canola, Onions Yellow Fresh Sliced 1/8"", Peppers Bell Green Fresh Battonet-Cut, Peppers Bell Red Fresh Battonet-Cut, Salt Kosher, Sauce Chili Sweet Thai, Sauce Soy Bulk, Tofu Extra Firm Including Liquids, Water "
Lunch,Garlic Rice,270,5,54,35," Garlic Cloves Peeled Fresh Minced, Oil Canola, Rice White Long Grain Parboiled Dry, Salt Kosher, Water Cold "
Lunch,Stir Fry Bok Choy,80,2,6,6," Cabbage Bok Choy Fresh Bias Cut, Garlic Cloves Peeled Fresh Minced, Oil Canola, Oil Sesame, Sauce Soy Less Sodium Gluten Free Lee Kum Kee Bulk, Spice Ginger Ground "
Lunch,Vegetable Coconut Curry Salad,170,7,18,9," Beans Garbanzo Low Sodium Canned Drained Rinsed, Cauliflower Fresh Florets 1"", Cilantro Fresh Chopped, Coconut Milk Unsweetened, Garlic Cloves Peeled Fresh Minced, Ginger Root Fresh Minced, Juice Lime, Oil Olive, Onions Green Scallion Each Fresh Bias Cut, Onions Red Fresh Sliced, Paste Red Curry Thai Kitchen, Peppers Bell Red Fresh Julienne Sliced, Salt Kosher, Soybean Edamame Shelled Frozen, Spice Chili Powder, Spice Coriander Ground, Spice Pepper Black Ground "
Lunch,Regular Vegan Tofu Carrot Cupcakes					,320,6,53,10," Baking Powder, Baking Soda, Carrots Fresh Grated, Flavoring Extract Vanilla Imitation, Flour All Purpose, Icing Vanilla Buttercreme RTU, Juice Orange 100%, Oil Canola, Raisins, Salt Bulk, Spice Cinnamon Ground, Sugar Brown Light, Tofu Extra Firm Including Liquids "
Lunch,Arroz con Pollo,190,16,14,7," Base Chicken Liquid Concentrate Knorr, Chicken Thigh Boneless Skinless, Cilantro Fresh Chopped, Garlic Cloves Peeled Fresh Chopped, Oil Canola, Olives Green Stuffed Sliced, Onions Yellow Fresh Diced Medium 1/2"", Peppers Bell Red Fresh Diced Medium 1/2"", Rice White Long Grain Parboiled Dry, Salt Kosher, Spice Cumin Ground, Spice Paprika Ground, Spice Pepper Black Ground Coarse, Spice Pepper Red Chili Crushed Flakes, Tomatoes Diced in Juice No Added Salt Ang Mia Canned, Water Boiling "
Lunch,Plantain Tostones,100,1,19,3," Plantain Green Fresh, Salt Kosher, Spice Cumin Ground, Spice Pepper Black Ground, Water Tap "
Lunch,Green Beans,60,2,9,3," Beans Green Snapped Fresh, Oil Olive, Salt Kosher, Spice Pepper Black Ground Fresh "
Lunch,Black Bean and Corn Salad,100,5,18,2," Beans Black Turtle Low Sodium Canned Drained Rinsed, Cilantro Fresh Chopped, Corn Whole Kernel Frozen, Garlic Cloves Peeled Fresh Minced, Juice Lime Fresh Pressed, Oil Olive Extra Virgin, Onions Red Fresh Chopped Fine, Peppers Chili Jalapeno Fresh Minced, Spice Cumin Ground "
Lunch,Cubed Watermelon,10,0,2,0, Watermelon Fresh 
Lunch,Cheese Pizza,180,8,23,6," Basil Fresh, Cheese Mozzarella Whole Milk Pre-Shredded, Cheese Parmesan Grated, Flour High Gluten Bakers, Oil Canola, Salt Bulk, Salt Kosher, Spice Garlic Powder, Spice Pepper Black Ground, Sugar Granulated, Tomatoes Crushed Canned Including Liquids, Tomatoes Whole Peeled Canned Drained Chopped, Water, Yeast Bakers Active Dry "
Lunch,Bacon Pizza,310,15,33,12," Bacon Bits Real FC 3/8"", Cheese Cheddar Mild Pre-Shredded Feathered, Cheese Mozzarella Whole Milk Pre-Shredded, Cheese Parmesan Grated, Cheese Parmesan Pre-Shredded Fancy, Cheese Provolone Loaf Shredded, Dough Pizza 16"" Pre-sheeted Rolled Edge 26 oz Frozen, Oil Canola, Spice Garlic Powder, Spice Oregano Dried Crumbled, Spice Pepper Red Chili Crushed Flakes, Tomatoes Crushed Canned Including Liquids "
Lunch,Sun-Dried Tomato Mozzarella Flatbread,180,14,24,6," Basil Fresh Chiffonade Cut, Basil Fresh Chopped, Cheese Mozzarella Part Skim Pre-Shredded Feathered, Cheese Parmesan Grated, Flatbread Flatout Multi Grain, Garlic Chopped in Water, Oil Canola, Spice Pepper Black Ground, Tomato Puree Canned, Tomatoes Diced in Juice No Added Salt Ang Mia Canned, Tomatoes Sun-Dried Chopped Fine "
Lunch,Crushed Red Pepper,5,0,1,0, Spice Pepper Red Chili Crushed Flakes 
Lunch,Dried Oregano,0,0,0,0, Spice Oregano Dried Crumbled 
Lunch,Grated Parmesan Cheese,10,1,0,5, Cheese Parmesan Grated 
Lunch,Southwest Chicken Wrap,950,66,64,50," Avocado Fresh Cubed, Cheese Cheddar Mild Pre-Shredded Feathered, Cheese Mozzarella Part Skim Pre-Shredded Feathered, Chicken Breast Boneless Skinless NAE Random Raw, Lettuce Iceberg Fresh Pre-Shredded 1/8"", Lettuce Leaf Individual Leaf Fresh, Oil Canola, Sauce Salsa Picante Mild, Spice Cumin Ground, Spice Paprika Ground, Tomatoes Fresh Each Slice, Tortilla Wrap Flour 12"" Ole Mexican "
Lunch,Turkey Bacon Cheddar Sandwich ,460,26,41,21," Bacon Sliced Raw 18/22 Frozen, Bread Sourdough Loaf Sliced 1.52 oz Burry, Cheese Cheddar Mild Loaf Sliced .5 oz, Garlic Cloves Peeled Fresh, Juice Lemon Fresh Pressed, Lettuce Leaf Individual Leaf Fresh, Mayonnaise Regular Kraft, Oil Canola, Rosemary Fresh Chopped, Salt Kosher, Tomatoes Fresh Each Slice, Turkey Breast Deli Smoked "
Lunch,"Hummus, Spinach, Feta & Tomato",270,10,33,12," Flatbread Thin 12""x12"" Frozen, Tomatoes Fresh, Hummus Traditional Grecian Delight Frozen, Cheese Feta, Spinach Baby Fresh "
Lunch,Tomato Cucumber Salad,15,1,4,0," Cucumbers Fresh Peeled Sliced 1/4"", Onions Yellow Fresh Minced, Peppers Bell Green Fresh Diced Medium 1/2"", Salad Dressing Italian Fat Free Kraft Bulk, Tomatoes Fresh Diced "
Lunch,Mixed Greens Spring Mix,5,1,1,0, Lettuce Salad Mix Spring (Mesclun) 
Lunch,Romaine Lettuce,15,1,3,0," Lettuce Romaine Fresh Chopped 1"" "
Lunch,Cherry Tomatoes,5,0,1,0, Tomatoes Cherry Fresh 
Lunch,Sliced Cucumber,0,0,0,0," Cucumbers Fresh Peeled Sliced 1/4"" "
Lunch,Shredded Carrots,10,0,3,0, Carrots Fresh Shredded 
Lunch,Balsamic Vinaigrette Dressing,80,0,3,7, Salad Dressing Balsamic Bulk 
Lunch,Fat Free Italian Dressing,15,0,3,0, Salad Dressing Italian Fat Free Kraft Bulk 
Lunch,Creamy Caesar Dressing,110,1,2,11, Salad Dressing Caesar Creamy Bulk 
Lunch,Low Sodium Garbanzo Beans,50,3,8,1, Beans Garbanzo Low Sodium Canned Drained 
Lunch,Sliced Red Onion,10,0,3,0, Onions Red Fresh Slivered Thin 
Lunch,Iced Brownies,30,0,5,15," Icing Chocolate Fudge RTU, Mix Brownie Fudge, Water "
Lunch,Rice Krispie Treat,180,2,35,5," Butter Salted, Cereal Rice Krispies Bulk, Flavoring Extract Vanilla Imitation, Marshmallows Miniature "
Lunch,Cubed Cantaloupe,20,0,5,0, Cantaloupe Medium Fresh Cubed 
Lunch,Cubed Honeydew,20,0,5,0, Honeydew Melon Fresh 
Lunch,Low Fat Vanilla Yogurt,100,6,16,15, Yogurt Vanilla Low Fat Parfait 64 oz Pouch 
Lunch,Low Fat Strawberry Yogurt,130,5,24,15, Yogurt Strawberry Low Fat 64 oz Pouch 
Lunch,2% Greek Plain Yogurt,90,11,5,25, Yogurt Plain Greek 2% Fage Bulk 
Lunch,Cubed Pineapple,20,0,5,0, Pineapple Fresh Cubed 
Lunch,Orange Juice,120,2,27,0, Juice Orange 100% 
Lunch,Apple Juice,110,0,28,0, Juice Apple 100% 
Lunch,Cranberry Juice,210,0,54,0,", Water Cold "
Lunch,Coffee,0,0,0,0," Coffee Ground, Water "
Lunch,Decaf Coffee,0,0,0,0," Coffee Decaf 100% Colombian Javo Liq Conc 35x1, Water "
Lunch,Mountain Berry Powerade,120,0,29,0, Powerade Mountain Berry Fountain 
Lunch,Diet Coke,0,0,0,0, Soda Coke Diet Fountain 
Lunch,Lemonade,90,0,22,0, Drink Lemonade Tropicana Fountain 
Lunch,Coca-Cola,210,0,53,0, Soda Coca-Cola Fountain 
Lunch,Sprite,200,0,49,0, Soda Sprite Fountain 
Lunch,Barq's Root Beer,230,0,58,0, Soda Root Beer Barq's Fountain 
Lunch,Sweet Iced Tea,180,0,42,0, Tea Iced Sweet Gold Peak Fountain 
Lunch,"Milk, Skim",170,17,24,0, Milk Skim 
Lunch,"Milk, Lowfat, 1%",200,16,24,45, Milk Lowfat 1% 
Lunch,"Chocolate Milk, Low Fat 1%",380,15,61,10, Milk Chocolate 1% LowFat 4 floz PC 
Lunch,"Milk, Soy, Chocolate, 8 fl oz",170,8,25,45," Soymilk (Filtered Water, Soybeans), Cane Sugar, Cocoa (Processed with Alkali), Vitamin and Mineral Blend (Calcium Carbonate, Vitamin A Palmitate, Vitamin D2, Riboflavin [B2], Vitamin B12), Sea Salt, Gellan Gum, Ascorbic Acid (To Protect Freshness), Natural Flavor. Contains Soy. "
Lunch,"Milk, Soy, Vanilla, 8 fl oz",150,8,18,45," Soymilk (Filtered Water, Soybeans), Cane Sugar, Vitamin and Mineral Blend (Calcium Carbonate, Vitamin A Palmitate, Vitamin D2, Riboflavin [B2], Vitamin B12), Sea Salt, Gellan Gum, Natural Flavor, Ascorbic Acid (To Protect Freshness). Contains Soy. "
Lunch,Lime Spa Water,0,0,1,0," Water Cold, Ice Cubes, Lime Fresh Each Slice "
Lunch,Ketchup,15,0,4,0, Ketchup Bulk 
Lunch,Yellow Mustard,10,1,1,5, Mustard Yellow 
Lunch,Classic Barbecue Sauce,50,0,13,0, Sauce Barbecue Kansas City Classic 
Lunch,Light Mayonnaise,35,0,1,35, Mayonnaise Light Kraft 
Lunch,Hot Sauce,0,0,0,0, Sauce Hot Tabasco 
Lunch,Dill Relish,20,0,5,0, Pickle Relish Dill 
Lunch,Kosher Salt,0,0,0,0, Salt Kosher 
Lunch,Black Pepper,0,0,0,0, Spice Pepper Black Ground 
Lunch,Tex Mex Turkey Enchiladas,260,24,14,13," Cheese Monterey Jack and Cheddar Pre-Shredded, Oil Canola, Olives Black Pitted Sliced Drained, Onions Yellow Fresh Chopped Fine, Sauce Enchilada Red Canned, Tortilla Corn Yellow 6"", Turkey Breast Skin On Petite Antibiotic Free RTC "
Lunch,Mexican Lasagna,210,9,28,8," Beans Refried Vegetarian Canned, Cheese Pepper Jack Loaf Shredded, Cilantro Fresh Chopped, Oil Canola, Onions Yellow Fresh Diced, Peppers Chili Green Diced Canned Drained, Salt Kosher, Sauce Enchilada Red Canned, Tortilla Corn White 6"" "
Lunch,Spanish Rice,90,2,15,25," Cilantro Fresh Chopped, Garlic Cloves Peeled Fresh Chopped, Oil Canola, Onions Yellow Fresh Diced, Peppers Bell Green Pre-Diced 1/2"" Fresh, Rice White Long Grain Parboiled Dry, Salt Kosher, Spice Pepper Black Ground Fine, Tomatoes Diced in Juice No Added Salt Ang Mia Canned, Water "
Lunch,Roasted Peppers w/ Garlic and Herbs,160,1,7,14," Basil Fresh Chopped, Garlic Cloves Peeled Fresh Minced, Oil Olive Extra Virgin, Peppers Bell Green Large Fresh, Peppers Bell Red Fresh, Peppers Bell Yellow Fresh, Salt Kosher "
Lunch,Roasted Corn,110,3,20,3," Cilantro Fresh Chopped, Corn Whole Kernel Frozen, Garlic Cloves Peeled Fresh Minced, Oil Canola, Onions Green Scallion Each Fresh Sliced Thin, Onions Red Fresh Diced, Peppers Bell Red Fresh Diced, Salt Kosher, Spice Cumin Ground, Spice Pepper Black Ground Coarse "
Lunch,Grilled Chicken Sandwich,290,28,26,9," Bun Hamburger Wheat 4"", Chicken Breast Boneless Skinless NAE 4 oz Raw, Lettuce Leaf Individual Leaf Fresh, Oil Canola, Tomatoes Fresh Each Slice "
Lunch,Tater Tots,170,2,21,9, Potatoes Tater Puffs Frozen 
Lunch,Grilled Vegetables,25,2,5,0," Asparagus Fresh, Mushrooms Portobello Fresh, Oil Canola, Peppers Bell Red Fresh, Salt Kosher, Spice Pepper Black Ground, Squash Yellow Fresh Bias Cut Halved 1/2"", Squash Zucchini Fresh Bias Cut Halved 1/2"" "
Lunch,Thai Basil Tofu,150,9,12,8," Basil Thai Fresh, Cornstarch, Oil Canola, Onions Yellow Fresh Sliced 1/8"", Peppers Bell Green Fresh Battonet-Cut, Peppers Bell Red Fresh Battonet-Cut, Salt Kosher, Sauce Chili Sweet Thai, Sauce Soy Bulk, Tofu Extra Firm Including Liquids, Water "
Lunch,Garlic Rice,270,5,54,35," Garlic Cloves Peeled Fresh Minced, Oil Canola, Rice White Long Grain Parboiled Dry, Salt Kosher, Water Cold "
Lunch,Stir Fry Bok Choy,80,2,6,6," Cabbage Bok Choy Fresh Bias Cut, Garlic Cloves Peeled Fresh Minced, Oil Canola, Oil Sesame, Sauce Soy Less Sodium Gluten Free Lee Kum Kee Bulk, Spice Ginger Ground "
Lunch,Vegetable Coconut Curry Salad,170,7,18,9," Beans Garbanzo Low Sodium Canned Drained Rinsed, Cauliflower Fresh Florets 1"", Cilantro Fresh Chopped, Coconut Milk Unsweetened, Garlic Cloves Peeled Fresh Minced, Ginger Root Fresh Minced, Juice Lime, Oil Olive, Onions Green Scallion Each Fresh Bias Cut, Onions Red Fresh Sliced, Paste Red Curry Thai Kitchen, Peppers Bell Red Fresh Julienne Sliced, Salt Kosher, Soybean Edamame Shelled Frozen, Spice Chili Powder, Spice Coriander Ground, Spice Pepper Black Ground "
Lunch,Regular Vegan Tofu Carrot Cupcakes					,320,6,53,10," Baking Powder, Baking Soda, Carrots Fresh Grated, Flavoring Extract Vanilla Imitation, Flour All Purpose, Icing Vanilla Buttercreme RTU, Juice Orange 100%, Oil Canola, Raisins, Salt Bulk, Spice Cinnamon Ground, Sugar Brown Light, Tofu Extra Firm Including Liquids "
Lunch,Arroz con Pollo,190,16,14,7," Base Chicken Liquid Concentrate Knorr, Chicken Thigh Boneless Skinless, Cilantro Fresh Chopped, Garlic Cloves Peeled Fresh Chopped, Oil Canola, Olives Green Stuffed Sliced, Onions Yellow Fresh Diced Medium 1/2"", Peppers Bell Red Fresh Diced Medium 1/2"", Rice White Long Grain Parboiled Dry, Salt Kosher, Spice Cumin Ground, Spice Paprika Ground, Spice Pepper Black Ground Coarse, Spice Pepper Red Chili Crushed Flakes, Tomatoes Diced in Juice No Added Salt Ang Mia Canned, Water Boiling "
Lunch,Plantain Tostones,100,1,19,3," Plantain Green Fresh, Salt Kosher, Spice Cumin Ground, Spice Pepper Black Ground, Water Tap "
Lunch,Green Beans,60,2,9,3," Beans Green Snapped Fresh, Oil Olive, Salt Kosher, Spice Pepper Black Ground Fresh "
Lunch,Black Bean and Corn Salad,100,5,18,2," Beans Black Turtle Low Sodium Canned Drained Rinsed, Cilantro Fresh Chopped, Corn Whole Kernel Frozen, Garlic Cloves Peeled Fresh Minced, Juice Lime Fresh Pressed, Oil Olive Extra Virgin, Onions Red Fresh Chopped Fine, Peppers Chili Jalapeno Fresh Minced, Spice Cumin Ground "
Lunch,Cubed Watermelon,10,0,2,0, Watermelon Fresh 
Dinner,"Dijon Pork Loin, Garlic and Rosemary",120,15,1,7," Garlic Cloves Peeled Fresh Crushed, Mustard Dijon, Pork Loin Boneless Center Cut Always Tender Raw, Rosemary Fresh Chopped, Salt Kosher, Spice Pepper Black Ground "
Dinner,Broccoli Cheddar Mac & Cheese,290,12,28,15," Breadcrumbs Panko Japanese, Broccoli Fresh Chopped, Butter Melted, Cheese American Sharp Loaf, Cheese Cheddar Mild Pre-Shredded, Cheese Cheddar Sharp Loaf Shredded, Flour All Purpose, Milk Whole, Onions Yellow Fresh Chopped, Pasta Macaroni Elbow Dry, Salt Bulk, Spice Pepper White Ground, Water "
Dinner,Garlic Mashed Potatoes,90,2,19,0," Garlic Cloves Peeled Fresh Chopped, Milk Skim, Potatoes Pre-Peeled Fresh Quartered, Salt Kosher, Water Boiling "
Dinner,Sauteed Spiced Zucchini,35,1,3,25," Garlic Cloves Peeled Fresh Minced, Oil Canola, Salt Kosher, Spice Nutmeg Ground, Spice Pepper Black Ground, Squash Zucchini Fresh Half Slice 1/4"", Water Tap "
Dinner,Saut√©ed Green Beans Onions Tomatoes,80,2,8,6," Beans Green Snapped Fresh, Garlic Cloves Peeled Fresh Chopped, Oil Canola, Onions Red Fresh Julienne Sliced, Salt Kosher, Spice Pepper Black Ground, Tomatoes Grape Fresh, Water "
Dinner,Buffalo Wings,510,31,2,42," Butter Melted, Chicken Wings Jumbo RTC Frozen-IQF, Sauce Buffalo Wing Franks RedHot, Spice Garlic Granulated, Spice Pepper Black Ground Fresh "
Dinner,Black Bean Burger,280,21,41,6," Burger Meatless Black Bean 3.3 oz, Lettuce Romaine Individual Leaf Fresh, Roll Sandwich Thins 100% Whole Wheat 1.5 oz Arnold, Tomatoes Fresh Each Slice 1/4"" "
Dinner,Tater Tots,170,2,21,9, Potatoes Tater Puffs Frozen 
Dinner,Grilled Vegetables,25,2,5,0," Asparagus Fresh, Mushrooms Portobello Fresh, Oil Canola, Peppers Bell Red Fresh, Salt Kosher, Spice Pepper Black Ground, Squash Yellow Fresh Bias Cut Halved 1/2"", Squash Zucchini Fresh Bias Cut Halved 1/2"" "
Dinner,Pasta with Roasted Eggplant,200,6,30,7," Base Vegetable Knorr, Cornstarch, Eggplant Fresh Peeled Small Diced 1/4"", Garlic Chopped in Water, Oil Canola, Parsley Fresh Chopped, Pasta Rotini Dry, Peppers Bell Green Fresh Seeded Halved, Peppers Bell Red Fresh, Salt Bulk, Tomatoes Fresh Small Diced 1/4"", Water, Water Boiling "
Dinner,Italian Marinated Tofu ,310,17,3,27," Garlic Cloves Peeled Fresh Minced, Honey Bulk, Mustard Dijon, Oil Canola, Spice Oregano Dried Crumbled, Spice Pepper Black Cracked, Spice Pepper Cayenne Ground, Tofu Extra Firm Including Liquids, Vinegar Balsamic, Vinegar Rice Wine Unseasoned "
Dinner,"Blistered Tomatoes, Arugula, Thyme",100,1,4,9," Lettuce Arugula Baby Fresh, Oil Canola, Parsley Fresh Chopped, Salt Kosher, Spice Pepper Black Ground Fresh, Thyme Fresh Chopped, Tomatoes Grape Fresh "
Dinner,Asian Vegetable Salad ,35,2,6,5," Broccoli Fresh Pieces 1/2"", Cabbage Red Pre-Shredded Fresh, Carrots Pre-Shredded Fresh, Cilantro Fresh Chopped, Lettuce Iceberg Fresh Shredded, Lettuce Romaine Fresh Shredded, Onions Green Scallion Bunch Fresh Chopped, Peppers Bell Red Fresh Julienne Sliced 1/8"", Spice Sesame Seeds Pre-Toasted "
Dinner,Regular Vegan Tofu Carrot Cupcakes					,320,6,53,10," Baking Powder, Baking Soda, Carrots Fresh Grated, Flavoring Extract Vanilla Imitation, Flour All Purpose, Icing Vanilla Buttercreme RTU, Juice Orange 100%, Oil Canola, Raisins, Salt Bulk, Spice Cinnamon Ground, Sugar Brown Light, Tofu Extra Firm Including Liquids "
Dinner,Smokey Chipotle Lime Turkey,150,17,14,3," Flavoring Liquid Smoke, Juice Lime, Peppers Chipotle in Adobo Sauce Canned, Salt Kosher, Sauce Hot Chipotle Pepper Tabasco Bulk, Seasoning Garlic Herb Salt Free, Spice Pepper Black Ground, Sugar Brown Light, Turkey Breast Roast French Cut RTC "
Dinner,Red Potatoes with Onions and Peppers,140,3,24,45," Oil Canola, Onions Yellow Fresh Julienne Sliced, Peppers Bell Green Fresh Diced Fine, Potatoes Red Bliss Fresh Quartered, Salt Bulk, Spice Paprika Ground, Spice Pepper Black Ground "
Dinner,Sauteed Tomatoes with Kale,20,1,3,1," Garlic Cloves Peeled Fresh Minced, Kale Fresh Chopped, Oil Canola, Onions Yellow Fresh Julienne Sliced, Salt Kosher, Spice Pepper Black Ground, Tomatoes Cherry Fresh Halved "
Dinner,Black Bean and Corn Salad,100,5,18,2," Beans Black Turtle Low Sodium Canned Drained Rinsed, Cilantro Fresh Chopped, Corn Whole Kernel Frozen, Garlic Cloves Peeled Fresh Minced, Juice Lime Fresh Pressed, Oil Olive Extra Virgin, Onions Red Fresh Chopped Fine, Peppers Chili Jalapeno Fresh Minced, Spice Cumin Ground "
Dinner,Cubed Watermelon,10,0,2,0, Watermelon Fresh 
Dinner,Cheese Pizza,180,8,23,6," Basil Fresh, Cheese Mozzarella Whole Milk Pre-Shredded, Cheese Parmesan Grated, Flour High Gluten Bakers, Oil Canola, Salt Bulk, Salt Kosher, Spice Garlic Powder, Spice Pepper Black Ground, Sugar Granulated, Tomatoes Crushed Canned Including Liquids, Tomatoes Whole Peeled Canned Drained Chopped, Water, Yeast Bakers Active Dry "
Dinner,"Bacon, Egg, Cheddar Flatbread",580,36,26,36," Bacon Sliced Raw 18/22 Frozen, Cheese Cheddar Mild Pre-Shredded Feathered, Egg Liquid Whole w/Citric Acid Includes Cage Free Fresh, Flatbread Thin 12""x12"" Frozen, Milk Whole, Oil Cooking Spray "
Dinner,Sun-Dried Tomato Mozzarella Flatbread,180,14,24,6," Basil Fresh Chiffonade Cut, Basil Fresh Chopped, Cheese Mozzarella Part Skim Pre-Shredded Feathered, Cheese Parmesan Grated, Flatbread Flatout Multi Grain, Garlic Chopped in Water, Oil Canola, Spice Pepper Black Ground, Tomato Puree Canned, Tomatoes Diced in Juice No Added Salt Ang Mia Canned, Tomatoes Sun-Dried Chopped Fine "
Dinner,Crushed Red Pepper,5,0,1,0, Spice Pepper Red Chili Crushed Flakes 
Dinner,Dried Oregano,0,0,0,0, Spice Oregano Dried Crumbled 
Dinner,Grated Parmesan Cheese,10,1,0,5, Cheese Parmesan Grated 
Dinner,Southwest Chicken Wrap,950,66,64,50," Avocado Fresh Cubed, Cheese Cheddar Mild Pre-Shredded Feathered, Cheese Mozzarella Part Skim Pre-Shredded Feathered, Chicken Breast Boneless Skinless NAE Random Raw, Lettuce Iceberg Fresh Pre-Shredded 1/8"", Lettuce Leaf Individual Leaf Fresh, Oil Canola, Sauce Salsa Picante Mild, Spice Cumin Ground, Spice Paprika Ground, Tomatoes Fresh Each Slice, Tortilla Wrap Flour 12"" Ole Mexican "
Dinner,Turkey Bacon Cheddar Sandwich ,460,26,41,21," Bacon Sliced Raw 18/22 Frozen, Bread Sourdough Loaf Sliced 1.52 oz Burry, Cheese Cheddar Mild Loaf Sliced .5 oz, Garlic Cloves Peeled Fresh, Juice Lemon Fresh Pressed, Lettuce Leaf Individual Leaf Fresh, Mayonnaise Regular Kraft, Oil Canola, Rosemary Fresh Chopped, Salt Kosher, Tomatoes Fresh Each Slice, Turkey Breast Deli Smoked "
Dinner,"Hummus, Spinach, Feta & Tomato",270,10,33,12," Flatbread Thin 12""x12"" Frozen, Tomatoes Fresh, Hummus Traditional Grecian Delight Frozen, Cheese Feta, Spinach Baby Fresh "
Dinner,Tomato Cucumber Salad,15,1,4,0," Cucumbers Fresh Peeled Sliced 1/4"", Onions Yellow Fresh Minced, Peppers Bell Green Fresh Diced Medium 1/2"", Salad Dressing Italian Fat Free Kraft Bulk, Tomatoes Fresh Diced "
